INSERT into pessoa (nome, cpf, data_nascimento)
VALUES ('Bruno', '29984145428', '08-04-1981'),
        ('Angela', '34394367589', '12-27-1981'),
        ('Julio', '12343256784', '04-03-1987'),
        ('João', '47625034072', '01-11-1999'),
        ('Rosa', '16753478945', '08-07-1980'),
        ('Pedro', '21163701106', '12-12-1973'),
        ('Marcos', '25573923267', '04-18-1967'),
        ('Katarina', '43214811911', '09-06-1940'),
        ('Marcelo', '52035256233', '05-18-1976'),
        ('Vinicius', '38804589750', '02-14-2000'),
        ('Esther', '42625134772', '12-25-2001'),
        ('Fabio', '16753478115', '10-10-1998'),
        ('Regina', '21491701106', '06-17-2000'),
        ('Paloma', '25573133267', '04-02-1999'),
        ('Cesar', '43214811922', '06-19-1982'),
        ('Osvaldo', '51938256233', '01-24-1976'),
        ('Thaís', '38804589950', '05-13-2000'),
        ('Kimberly', '47633334072', '11-11-1994'),
        ('Fiora', '25573301767', '03-18-1967'),
        ('Renata', '30214811911', '02-16-1970'),
        ('Guilherme', '23951256233', '12-28-1976'),
        ('Emanuel', '18804589750', '07-25-1987'),
        ('Lucas', '43214111911', '05-26-1995'),
        ('Batista', '52333276233', '06-28-1976'),
        ('Silvana', '32824582750', '08-25-1989');

insert into funcionario (id, nome, cpf, data_nascimento, funcao)
VALUES (1, 'Bruno', '29984145428', '08-04-1981', 'Médico'),
	(2, 'Angela', '34394367589', '12-27-1981', 'Médico'),
	(3, 'Julio', '12343256784', '04-03-1987', 'Enfermeiro'),
	(4, 'João', '47625034072', '01-11-1999', 'Enfermeiro'),
        (19, 'Fiora', '25573301767', '03-18-1967', 'Médico'),
        (20, 'Renata', '30214811911', '02-16-1970', 'Médico'),
        (21, 'Guilherme', '23951256233', '12-28-1976', 'Médico'),
        (22, 'Emanuel', '18804589750', '07-25-1987', 'Médico'),
        (23, 'Lucas', '43214111911', '05-26-1995', 'Enfermeiro'),
        (24, 'Batista', '52333276233', '06-28-1976', 'Enfermeiro'),
        (25, 'Silvana', '32824582750', '08-25-1989', 'Enfermeiro');

insert into medico (id, nome, cpf, data_nascimento, funcao, crm, especializacao)
VALUES (1, 'Bruno', '29984145428', '08-04-1981', 'Médico', 'CRM/ES 123456', 'Neurocirurgião'),
    	(2, 'Angela', '34394367589', '12-27-1981', 'Médico', 'CRM/ES 234512', 'Cardiologista'),
        (19, 'Fiora', '25573301767', '03-18-1967', 'Médico', 'CRM/ES 391231', 'Ginecologia e Obstetrícia'),
        (20, 'Renata', '30214811911', '02-16-1970', 'Médico', 'CRM/SP 936413', 'Otorrinolaringologia'),
        (21, 'Guilherme', '23951256233', '12-28-1976', 'Médico', 'CRM/SP 475107', 'Medicina do Trabalho'),
        (22, 'Emanuel', '18804589750', '07-25-1987', 'Médico', 'CRM/RJ 604372', 'Urologia');

insert into enfermeiro (id, nome, cpf, data_nascimento, funcao, coren)
VALUES (3, 'Julio', '12343256784', '04-03-1987', 'Enfermeiro', '245879SP'),
       (4, 'João', '47625034072', '01-11-1999', 'Enfermeiro', '765198ES'),
       (23, 'Lucas', '43214111911', '05-26-1995', 'Enfermeiro', '123456ES'),
        (24, 'Batista', '52333276233', '06-28-1976', 'Enfermeiro', '223366ES'),
        (25, 'Silvana', '32824582750', '08-25-1989', 'Enfermeiro', '483195ES');

INSERT into cliente (id, nome, cpf, data_nascimento, convenio, descricao)
VALUES (5, 'Rosa', '16753478945', '08-07-1980', 'Empresarial', 'Diabético'),
    	(6, 'Pedro', '21163701106', '12-12-1973', 'Familiar', 'Hipertenso'),
        (7, 'Marcos', '25573923267', '04-18-1967', 'Coletivo por adesão', 'Asmático'),
        (8, 'Katarina', '43214811911', '09-06-1940', 'Coletivo por adesão', 'Autista'),
        (9, 'Marcelo', '52035256233', '05-18-1976', 'Empresarial', 'Diabético'),
        (11, 'Esther', '42625134772', '12-25-2001', 'Coletivo por adesão', 'Autista'),
        (12, 'Fabio', '16753478115', '10-10-1998', 'Empresarial', 'Diabético'),
        (13, 'Regina', '21491701106', '06-17-2000', 'Empresarial', 'Hipertenso');

INSERT into cliente (id, nome, cpf, data_nascimento, convenio)
VALUES  (4, 'João', '47625034072', '11-01-1999', 'Pessoa física'),
        (10, 'Vinicius', '38804589750', '03-05-2000', 'Familiar'),
        (14, 'Paloma', '25573133267', '04-02-1999', 'Familiar'),
        (15, 'Cesar', '43214811922', '06-19-1982', 'Empresarial'),
        (16, 'Osvaldo', '51938256233', '01-24-1976', 'Familiar'),
        (17, 'Thaís', '38804589950', '05-13-2000', 'Empresarial'),
        (18, 'Kimberly', '47633334072', '11-11-1994', 'Familiar');

INSERT INTO medicamento(nome_comercial, principio_ativo)
VALUES ('Gluaprotin', 'Cloro'),
    	('Adenotropin', 'Abatacpte'),    
    	('Meprononide', 'Acetato de Degarelix'),    
    	('Fragnuma', 'Acetato de Aberaterona'),
    	('Fragnuma', 'Acetato de Aberaterona'),
    	('Nalobucil', 'Belimumad'),
    	('Meprononide', 'Acetato de Degarelix'),    
    	('Cortisin Invabisome', 'Bosentana'),
    	('Preprotin', 'Acetato de Lanreotida'),
    	('Fragnuma', 'Acetato de Aberaterona');

INSERT INTO exame(tipo)
VALUES ('Hemograma'),
	('Urinálise'),
	('Colesterol'),
	('Glicemia'),
        ('Eletrocardiograma'),
        ('Ecocardiograma'),
        ('Doppler Transcraniano'),
        ('Eletroencefalograma'),
        ('Otoneurológico'),
        ('Exame de Mama'),
        ('Colposcopia'),
        ('Admissional'),
        ('Glicemia');

INSERT INTO dia_semana(dia_da_semana)
VALUES ('domingo'),
	('segunda-feira'),
	('terça-feira'),
	('quarta-feira'),
	('quinta-feira'),
	('sexta-feira'),
	('sabado');

insert INTO horario_funcionario(id_funcionario, id_dia_semana, horario_entrada, horario_saida)
VALUES (1, 2, '09:00:00', '18:00:00'),
	(1, 3, '10:30:00', '22:30:00'),
	(1, 4, '13:00:00', '00:00:00'),
	(1, 5, '07:40:20', '15:40:20'),
	(1, 6, '08:00:00', '17:00:00'),
	(1, 7, '08:00:00', '17:00:00'),
	(2, 2, '08:30:00', '16:20:00'),
	(2, 3, '11:30:00', '23:30:00'),
	(2, 4, '13:00:00', '00:00:00'),
	(2, 5, '10:15:00', '17:15:00'),
	(2, 6, '08:00:19', '16:00:19'),
	(2, 7, '16:00:00', '23:40:00'),
	(2, 7, '08:00:00', '17:00:00'),
	(3, 2, '13:00:00', '22:00:00'),
	(3, 3, '14:30:00', '22:30:00'),
	(3, 4, '15:00:00', '23:40:00'),
	(3, 5, '10:20:00', '20:30:00'),
	(3, 7, '08:00:00', '17:00:00'),
	(4, 2, '09:00:00', '18:00:00'),
	(4, 3, '12:30:00', '23:30:00'),
	(4, 4, '15:00:00', '00:20:00'),
	(4, 5, '09:00:00', '18:00:00'),
	(4, 6, '15:00:00', '00:20:00'),
        (19, 2, '09:00:00', '18:00:00'),
	(19, 3, '12:30:00', '23:30:00'),
	(19, 4, '15:00:00', '00:20:00'),
	(19, 5, '09:00:00', '18:00:00'),
	(19, 6, '15:00:00', '00:20:00'),
        (20, 2, '09:00:00', '18:00:00'),
	(20, 3, '12:30:00', '23:30:00'),
	(20, 4, '15:00:00', '00:20:00'),
	(20, 5, '09:00:00', '18:00:00'),
	(20, 6, '15:00:00', '00:20:00'),
        (21, 2, '09:00:00', '18:00:00'),
	(21, 3, '12:30:00', '23:30:00'),
	(21, 4, '15:00:00', '00:20:00'),
	(21, 5, '09:00:00', '18:00:00'),
	(21, 6, '15:00:00', '00:20:00'),
        (21, 2, '09:00:00', '18:00:00'),
	(21, 3, '12:30:00', '23:30:00'),
	(21, 4, '15:00:00', '00:20:00'),
	(21, 5, '09:00:00', '18:00:00'),
	(21, 6, '15:00:00', '00:20:00'),
        (22, 2, '09:00:00', '18:00:00'),
	(22, 3, '12:30:00', '23:30:00'),
	(22, 4, '15:00:00', '00:20:00'),
	(22, 5, '09:00:00', '18:00:00'),
	(22, 6, '15:00:00', '00:20:00'),
        (23, 2, '10:30:00', '18:30:00'),
	(23, 3, '12:30:00', '23:30:00'),
	(23, 4, '16:00:00', '01:20:00'),
	(23, 5, '19:00:00', '03:00:00'),
	(23, 6, '15:00:00', '00:20:00'),
        (24, 2, '09:00:00', '18:00:00'),
	(24, 3, '12:30:00', '23:30:00'),
	(24, 4, '15:00:00', '00:20:00'),
	(24, 5, '09:45:00', '18:45:00'),
	(24, 6, '12:00:00', '21:30:00');

INSERT INTO consulta(id_medico, id_cliente, data_hora, descricao)
VALUES (1, 11,'09-04-2022	10:09:00', 'Checar alergias ao medicamento'),
        (19, 5,'10-07-2022	11:30:00', 'Paciente fobia a sangue'),
        (19, 7,'09-27-2022	12:51:00', 'Verificar dia que será possível realizar o exame'),
        (20, 8,'11-08-2022	14:12:00', 'Checar alergias ao medicamento'),
        (22, 5,'08-18-2022	15:33:00', 'Paciente fobia a sangue'),
        (20, 10,'05-28-2022	16:54:00', 'Verificar dia que será possível realizar o exame'),
        (21, 7,'03-06-2022	18:15:00', 'Checar alergias ao medicamento'),
        (1, 12,'12-14-2022	19:36:00', 'Paciente fobia a sangue'),
        (21, 13,'07-23-2022	20:57:00', 'Verificar dia que será possível realizar o exame'),
        (1, 6,'02-28-2022	22:18:00', 'Checar alergias ao medicamento'),
        (1, 5,'12-27-2022	11:30:00', 'Paciente fobia a sangue'),
        (19, 17,'06-17-2022	12:51:00', 'Verificar dia que será possível realizar o exame'),
        (21, 8,'10-18-2022	14:12:00', 'Checar alergias ao medicamento'),
        (2, 5,'04-28-2022	15:33:00', 'Paciente fobia a sangue'),
        (2, 10,'02-18-2022	16:54:00', 'Verificar dia que será possível realizar o exame'),
        (2, 7,'03-16-2022	18:15:00', 'Checar alergias ao medicamento'),
        (19, 18,'12-24-2022	19:36:00', 'Paciente fobia a sangue'),
        (2, 9,'03-02-2022	20:57:00', 'Verificar dia que será possível realizar o exame'),
        (1, 6,'02-08-2022	22:18:00', 'Checar alergias ao medicamento'),
        (20, 5,'11-17-2022	11:30:00', 'Paciente fobia a sangue'),
        (21, 7,'03-07-2022	12:51:00', 'Verificar dia que será possível realizar o exame'),
        (22, 8,'12-08-2022	14:12:00', 'Checar alergias ao medicamento'),
        (22, 5,'07-28-2022	15:33:00', 'Paciente fobia a sangue'),
        (2, 10,'07-18-2022	16:54:00', 'Verificar dia que será possível realizar o exame'),
        (2, 16,'08-16-2022	18:15:00', 'Checar alergias ao medicamento'),
        (1, 11,'10-17-2022	19:36:00', 'Paciente fobia a sangue'),
        (2, 9,'11-22-2022	20:57:00', 'Verificar dia que será possível realizar o exame'),
        (1, 16,'02-22-2022	22:18:00', 'Checar alergias ao medicamento'),
        (19, 5,'06-23-2022	11:30:00', 'Paciente fobia a sangue'),
        (1, 7,'08-13-2022	12:51:00', 'Verificar dia que será possível realizar o exame'),
        (19, 8,'08-14-2022	14:12:00', 'Checar alergias ao medicamento'),
        (21, 5,'08-18-2022	15:33:00', 'Paciente fobia a sangue'),
        (20, 16,'07-18-2022	16:54:00', 'Verificar dia que será possível realizar o exame'),
        (2, 7,'02-16-2022	18:15:00', 'Checar alergias ao medicamento'),
        (19, 11,'02-24-2022	19:36:00', 'Paciente fobia a sangue'),
        (2, 5,'07-27-2022	20:57:00', 'Verificar dia que será possível realizar o exame'),
        (1, 6,'02-28-2022	22:18:00', 'Checar alergias ao medicamento');


INSERT INTO consulta_exame(id_consulta, id_funcionario, id_exame, data_hora, sintomas)
VALUES (1, 19, 10, '12-04-2022	10:30:00', 'Febre'),
        (2, 19, 10,'08-18-2022 09:30:00', 'Dores de cabeça'),
        (3, 19, 10,'05-27-2022 10:51:00', 'Inflamação'),
        (4, 20, 9,'03-06-2022 12:12:00', 'Febre'),
        (5, 3, 1,'12-14-2022 13:33:00', 'Dores de cabeça'),
        (6, 3, 1,'06-01-2022 14:54:00', 'Inflamação'),
        (7, 2, 6,'07-12-2022 16:15:00', 'Febre'),
        (8, 4, 3,'08-21-2022 07:07:00', 'Dores de cabeça'),
        (9, 21, 12,'10-01-2022 21:59:00', 'Inflamação'),
        (10, 19, 10,'11-11-2022	12:51:00', 'Febre'),
        (11, 2, 5, '11-08-2022 08:09:00', 'Febre'),
        (12, 21, 12,'08-18-2022 09:30:00', 'Dores de cabeça'),
        (13, 2, 5,'05-27-2022 10:51:00', 'Inflamação'),
        (14, 2, 6,'03-06-2022 12:12:00', 'Febre'),
        (15, 2, 6,'12-14-2022 13:33:00', 'Dores de cabeça'),
        (16, 21, 12,'06-01-2022 14:54:00', 'Inflamação'),
        (17, 21, 12,'07-12-2022 16:15:00', 'Febre'),
        (18, 1, 8,'08-21-2022 07:07:00', 'Dores de cabeça'),
        (19, 1, 8,'10-01-2022 21:59:00', 'Inflamação'),
        (20, 1, 8,'11-11-2022	12:51:00', 'Febre'),
        (21, 19, 11, '11-08-2022 08:09:00', 'Febre'),
        (22, 1, 8,'08-18-2022 09:30:00', 'Dores de cabeça'),
        (23, 20, 9,'05-27-2022 10:51:00', 'Inflamação'),
        (24, 2, 6,'03-06-2022 12:12:00', 'Febre'),
        (25, 2, 6,'12-14-2022 13:33:00', 'Dores de cabeça'),
        (26, 20, 9,'06-01-2022 14:54:00', 'Inflamação'),
        (27, 20, 9,'07-12-2022 16:15:00', 'Febre'),
        (28, 19, 10,'08-21-2022 07:07:00', 'Dores de cabeça'),
        (29, 1, 9,'10-01-2022 21:59:00', 'Inflamação'),
        (30, 2, 10,'11-11-2022	12:51:00', 'Febre'),
        (31, 4, 1, '11-08-2022 08:09:00', 'Febre'),
        (32, 3, 1,'08-18-2022 09:30:00', 'Dores de cabeça'),
        (33, 3, 1,'05-27-2022 10:51:00', 'Inflamação'),
        (34, 3, 12,'03-06-2022 12:12:00', 'Febre'),
        (35, 25, 12,'12-14-2022 13:33:00', 'Dores de cabeça'),
        (36, 25, 4,'06-01-2022 14:54:00', 'Inflamação'),
        (37, 24, 1,'07-12-2022 16:15:00', 'Febre');

INSERT INTO consulta_medicamento(id_medicamento, id_consulta, quantidade)
VALUES (1, 1, 1),
	(2, 2, 1),
	(1, 3, 2),
	(1, 4, 8),
	(6, 5, 2),
	(3, 6, 9),
	(3, 7, 10),
	(6, 8, 4),
	(6, 9, 5),
	(5, 10, 6),
        (5, 11, 1),
	(1, 12, 1),
	(2, 13, 2),
	(2, 14, 8),
	(2, 15, 2),
	(2, 16, 9),
	(6, 17, 10),
	(6, 18, 4),
	(5, 19, 5),
	(5, 20, 6),
        (6, 21, 1),
	(2, 22, 1),
	(5, 23, 2),
	(5, 24, 8),
	(5, 25, 2),
	(5, 26, 9),
	(2, 27, 10),
	(2, 28, 4),
	(1, 29, 5),
	(6, 30, 6),
        (1, 31, 1),
	(2, 32, 1),
	(3, 33, 2),
	(3, 34, 8),
	(6, 35, 2),
	(6, 36, 9),
	(1, 37, 10);
